Method,RMSE_X,RMSE_Y,RMSE_Z,Variance_X,Variance_Y,Variance_Z
IMU,3.8264724481045476,3.139681676392381,3.164758829481347,6.3391604246493145,2.3043924826278577,3.924359223360049
KF,0.12189796227792889,1.1313807478889895,0.014563928260324053,0.005402140966500112,0.9288668742178696,0.00020826618994805406
SBS,0.13657509154650624,1.7268888919438512,0.8926170194391831,0.0045067522576977695,2.0287323378198536,0.00022563275964351915
